Brand,Model,Kms,License,Year,Capacity,Type,Price
TRIUMPH,SPEED Triple R promo,36000,A,2016,0,NAKED,5880
SYM,Maxsym 600i ABS promo,4000,A / A2,2020,0,MAXI-SCOOTER,5880
SYM,Maxsym 600i ABS promo,2514,A / A2,2019,0,MAXI-SCOOTER,5880
YAMAHA,FJR 1300 A promo,48000,A,2014,0,TOURING,5880
PEUGEOT,Metropolis 400 promo,20000,A2,2018,0,TRES RUEDAS,5880
HONDA,VFR 1200 F DCT promo,97000,A,2010,0,TOURING,5880
KAWASAKI,Z 1000 SX promo,55000,A,2012,0,TOURING,5880
APRILIA,Shiver 750 GT promo,23000,A,2015,0,NAKED,5880
HONDA,SCOOPY SH300i promo,54000,A2,2015,0,MAXI-SCOOTER,5880
MOTO GUZZI,V9 Roamer promo,0,A,2021,0,NAKED,5880
MOTO GUZZI,V7 III Stone promo,19000,A,2017,0,CUSTOM,5880
YAMAHA,MT 01 promo,32000,A,2005,0,NAKED,5880
ROYAL ENFIELD,Meteor 350 promo,5000,A2,2021,0,NAKED,5880
HUSQVARNA,701 Supermoto promo,25000,A,2016,0,NAKED,5880
TRIUMPH,Street Triple R x promo,42000,A,2015,0,NAKED,5880
HONDA,PAN-EUROPEAN ST 1300 promo,50000,A,2004,0,TOURING,5880
KTM,1050 Adventure promo,44000,A,2016,0,TRAIL,5880
KAWASAKI,Z 1000 SX promo,42000,A,2013,0,TOURING,5880
DUCATI,DIAVEL Dark promo,14600,A,2013,0,NAKED,5880
YAMAHA,FJR 1300 A promo,48000,A,2015,0,TOURING,5880
PEUGEOT,Metropolis 400 RX-R promo,8000,A2,2017,0,TRES RUEDAS,5880
HONDA,VFR 1200 F promo,77000,A,2010,0,TOURING,5880
BMW,K 1200 LT promo,43000,A,2004,0,TOURING,5880
DUCATI,Multistrada 1260 S promo,78000,A,2018,0,TRAIL,5880
BMW,F 800 GT promo,46000,A,2015,0,TOURING,5880
HONDA,CRF 450 L promo,4000,A2,2020,0,OFF-ROAD,5880
DUCATI,Streetfighter 1100 promo,27000,A,2009,0,NAKED,5880
HUSQVARNA,Svartpilen 701 promo,2000,A,2020,0,NAKED,5880
HUSQVARNA,Vitpilen 701 promo,7000,A,2018,0,NAKED,5880
KAWASAKI,Z 1000 SX promo,63000,A,2014,0,TOURING,5880
KAWASAKI,Z 750 promo,52000,A,2006,0,TOURING,5880
APRILIA,SMV 750 Dorsoduro ABS promo,12000,A,2010,0,NAKED,5880
BMW,K 1200 R Sport promo,40000,A,2009,0,TOURING,5880
YAMAHA,X-MAX 400 promo,20000,A2,2018,0,MAXI-SCOOTER,5880
SUZUKI,Intruder C1500 promo,11000,A,2008,0,CUSTOM,5880
BMW,K 1300 R promo,139114,A,2010,0,NAKED,5880
BMW,F 700 GS promo,31000,A,2012,0,TRAIL,5880
BMW,R 850 R promo,33000,A,2005,0,NAKED,5880
DUCATI,MONSTER S2R 800 promo,40000,A,2005,0,NAKED,5880
KTM,EXC 300,200,A2,2009,0,OFF-ROAD,5880
BMW,R 1200 S promo,54000,A,2007,0,TOURING,8380
BMW,F 800 ST promo,8000,A,2006,0,TOURING,8380
HONDA,SCOOPY SH300i promo,45000,A2,2010,0,SCOOTER,8380
KYMCO,AK 550 promo,12000,A / A2,2017,0,MAXI-SCOOTER,8380
BMW,R 1200 S promo,49000,A,2008,0,TOURING,8380
BMW,R 850 R promo,43000,A,2004,0,NAKED,8380
YAMAHA,Super Ténéré promo,67000,A,2017,0,TRAIL,8380
SUZUKI,GSX R600 promo,50400,A,2001,0,SPORT,8380
BMW,K 1200 S promo,60000,A,2005,0,TOURING,8380
TRIUMPH,STREET TRIPLE RS promo,6000,A,2018,0,NAKED,8380
BMW,F 800 ST promo,29000,A,2007,0,TOURING,8380
TRIUMPH,STREET TRIPLE R promo,7057,A,2021,0,NAKED,8380
KAWASAKI,ZX 10R KRT promo,14000,A,2019,0,SPORT,8380
TRIUMPH,STREET TRIPLE R promo,2250,A,2021,0,NAKED,8380
BMW,R 1250 R promo,8600,A,2020,0,NAKED,8380
HONDA,CBF 600S promo,19000,A,2004,0,TOURING,8380
BMW,S 1000 XR promo,14000,A,2017,0,TRAIL,8380
DUCATI,MONSTER S2R 800 promo,25000,A,2006,0,NAKED,8380
SUZUKI,GSX-S125 ABS promo,11000,A1,2019,0,NAKED,8380
KAWASAKI,Z 1000 SX promo,72000,A,2011,0,TOURING,8380
HARLEY DAVIDSON,Sportster 1200 promo,26000,A,2006,0,CUSTOM,8380
SUZUKI,Intruder C800 promo,14000,A,2010,0,CUSTOM,8380
TRIUMPH,STREET TRIPLE R promo,9000,A,2019,0,NAKED,8380
HARLEY DAVIDSON,Sportster XR 1200 promo,18000,A,2008,0,CUSTOM,8380
YAMAHA,MT 09 promo,13000,A,2020,0,NAKED,8380
KTM,1090 Adventure R promo,31000,A,2017,0,TRAIL,8380
KAWASAKI,ZX 6R promo,52000,A,2008,0,SPORT,8380
MV AGUSTA,BRUTALE 800 EAS ABS promo,33000,A,2016,0,NAKED,8380
HONDA,CB 500F promo,20000,A / A2,2013,0,NAKED,8380
TRIUMPH,SPEED Four promo,17000,A,2006,0,NAKED,8380
TRIUMPH,Speed Triple S promo,5000,A,2017,0,NAKED,8380
BMW,K 1200 GT,27000,A,2003,0,TOURING,8380
BMW,C 650 GT promo,27000,A / A2,2015,0,MAXI-SCOOTER,8380
DUCATI,DIAVEL 1198 promo,48000,A,2011,0,CUSTOM,8380
TRIUMPH,TIGER Explorer 1200 XCA promo,8000,A,2016,0,TRAIL,8380
HONDA,VFR 800 FI promo,50000,A,2011,0,MAXI-SCOOTER,8380
KTM,1190 Adventure promo,50000,A,2014,0,TRAIL,8380
YAMAHA,XJR 1300 promo,18600,A,2016,0,NAKED,8380
HONDA,Integra promo,20000,A,2016,0,MAXI-SCOOTER,8380
BMW,K 1200 R Sport promo,45000,A,2008,0,SPORT,8380
BMW,R nineT promo,26000,A,2016,0,NAKED,8380
APRILIA,Shiver 750 promo,38400,A,2010,0,NAKED,8380
KTM,990 SUPER DUKE promo,36400,A,2011,0,NAKED,8380
SUZUKI,GSX R1000 promo,49000,A,2007,0,SPORT,8380
HONDA,Integra promo,17800,A,2017,0,MAXI-SCOOTER,8380
KYMCO,Super Dink 350i promo,35200,A2,2019,0,MAXI-SCOOTER,8380
TRIUMPH,Thruxton EFI promo,55000,A,2008,0,NAKED,8380
KTM,1290 Super Duke R ABS promo,44000,A,2015,0,NAKED,8380
GAS GAS,EC 250 R promo,950,A2,2019,0,OFF-ROAD,8380
APRILIA,Sportcity 125 promo,35300,A1,2009,0,SCOOTER,8380
BMW,F 800 S promo,40000,A,2009,0,TOURING,8380
SUZUKI,Intruder C800 promo,27000,A,2010,0,CUSTOM,8380
TRIUMPH,SPEED TRIPLE ABS promo,40000,A,2013,0,NAKED,8380
DUCATI,MULTISTRADA 620 promo,38000,A / A2,2007,0,TRAIL,8380
KTM,1050 Adventure,34000,A,2016,0,TRAIL,8380
YAMAHA,X MAX 400 promo,29000,A2,2014,0,MAXI-SCOOTER,7880
HONDA,CBR 1000 RR Fireblade promo,32000,A,2017,0,SPORT,7880
HONDA,VFR 1200 F promo,61000,A,2012,0,TOURING,7880
YAMAHA,MT 03 promo,23000,A / A2,2006,0,NAKED,7880
BMW,F 800 GS Adventure,64200,A,2018,0,TRAIL,7880
BMW,R 1250 RT promo,4000,A,2020,0,TOURING,7080
KTM,1290 Super Adventure R promo,52000,A,2017,0,TRAIL,7080
HONDA,Crossrunner VFR800X promo,28000,A,2016,0,TRAIL,7080
SYM,Fiddle III promo,2000,AM,2018,0,SCOOTER,7080
DUCATI,MONSTER 796 promo,29000,A / A2,2014,0,NAKED,7080
HONDA,Forza 125 promo,13000,A1,2017,0,SCOOTER,7080
VESPA,GTS 300 Super promo,26000,A2,2009,0,MAXI-SCOOTER,7080
APRILIA,RSV 4 R APRC promo,35000,A,2014,0,SPORT,7080
HONDA,CBF 1000 promo,58000,A,2008,0,NAKED,7080
SUZUKI,GSX250R/ABS promo,2000,A2,2018,0,SPORT,7080
TRIUMPH,BONNEVILLE SE promo,35000,A,2009,0,NAKED,7080
YAMAHA,YZF R 125 promo,9000,A1,2020,0,SPORT,7080
BMW,C 650 GT promo,25000,A,2015,0,MAXI-SCOOTER,7080
BMW,F 700 GS promo,35500,A,2015,0,TRAIL,7080
KYMCO,AK 550 promo,36800,A2,2017,0,MAXI-SCOOTER,7080
BMW,F 800 GS promo,34200,A,2012,0,TRAIL,7080
PIAGGIO,Beverly 350 ABS promo,70,A2,2021,0,MAXI-SCOOTER,7080
YAMAHA,TMAX 560 TECH MAX promo,12000,A / A2,2020,0,MAXI-SCOOTER,7080
DUCATI,MONSTER 796 promo,5000,A,2011,0,NAKED,7080
KTM,990 SUPER DUKE promo,38000,A,2006,0,NAKED,7080
KTM,125 Duke promo,12000,A1,2020,0,NAKED,7080
BMW,C 600 Sport promo,34000,A / A2,2013,0,MAXI-SCOOTER,7080
TRIUMPH,STREET TRIPLE S 660,6000,A / A2,2017,0,NAKED,7080
PIAGGIO,beverly 300 ie promo,36000,A2,2011,0,MAXI-SCOOTER,5180
KAWASAKI,Z 900 promo,25000,A,2018,0,NAKED,5180
SUZUKI,GSR 750 promo,18000,A,2012,0,NAKED,5180
TRIUMPH,TIGER 800 promo,51000,A,2015,0,TRAIL,5180
HONDA,CBR 1000RR promo,47000,A,2008,0,SPORT,5180
BMW,F 800 GS promo,4500,A,2015,0,TRAIL,5180
HONDA,Integra promo,13000,A / A2,2017,0,TRAIL,5180
TRIUMPH,Thruxton EFI promo,16000,A / A2,2015,0,NAKED,5180
DUCATI,SuperSport,8000,A,2018,0,SPORT,5180
HONDA,CB 1000R promo,17000,A,2018,0,NAKED,5180
BMW,K 1200 R,45500,A,2005,0,SPORT,5180
BMW,F 800 R promo,40200,A,2010,0,NAKED,4130
SUZUKI,GSX 650 F promo,27000,A / A2,2011,0,TOURING,4130
DUCATI,Diavel promo,43000,A,2015,0,CUSTOM,4130
SYM,Maxsym 600i ABS,21500,A,2017,0,MAXI-SCOOTER,4130
YAMAHA,YZF R1 promo,50000,A,2011,0,SPORT,2630
DUCATI,MULTISTRADA 1200 promo,46000,A,2010,0,TRAIL,2630
HONDA,CBR 1000RR Fireblade promo,12000,A,2011,0,SPORT,2630
KYMCO,AK 550 promo,8000,A / A2,2019,0,MAXI-SCOOTER,2630
YAMAHA,FJR 1300 AE promo,3000,A,2019,0,TOURING,2630
YAMAHA,FZ6 N,29000,A,2005,0,NAKED,2630
MOTO GUZZI,V7 III Stone,1000,A / A2,2021,0,NAKED,2880
BMW,F 700 GS promo,20000,A,2017,0,TRAIL,2880
BMW,F 800 GS promo,58000,A,2014,0,TRAIL,2880
KAWASAKI,Z 800e promo,50000,A,2013,0,NAKED,2880
TRIUMPH,DAYTONA 600 promo,23000,A,2005,0,SPORT,2880
KTM,300 EXC,11000,A2,2018,0,OFF-ROAD,2880
KTM,790 Duke promo,13000,A,2018,0,NAKED,2880
HONDA,CBF 600S promo,37000,A,2005,0,TOURING,2880
HARLEY DAVIDSON,VRSC V-Rod Muscle promo,29000,A,2009,0,CUSTOM,2880
TRIUMPH,BONNEVILLE T100 promo,80000,A,2008,0,NAKED,2880
DUCATI,848 Superbike promo,51000,A,2008,0,SPORT,2880
KTM,1050 Adventure promo,19000,A,2015,0,TRAIL,2880
KAWASAKI,ZZR 1400 promo,51000,A,2006,0,SPORT,2880
DUCATI,Hyperstrada promo,29000,A,2015,0,TRAIL,2880
HONDA,CBF 600S,23000,A,2006,0,NAKED,2880
KYMCO,Grand Dink 125,5000,A1,2017,0,SCOOTER,2880
DUCATI,Hypermotard 939 promo,23000,A,2016,0,OFF-ROAD,4080
TRIUMPH,TIGER Explorer 1200 XC promo,21000,A,2016,0,TRAIL,4080
YAMAHA,X-MAX 125,5800,A1,2018,0,SCOOTER,4080
TRIUMPH,SPEED Triple R promo,38000,A,2012,0,NAKED,3030
YAMAHA,YZF R6R promo,46000,A,2007,0,SPORT,3030
HONDA,CBR 600F,36300,A,2005,0,SPORT,3030
BMW,R 1200 R promo,12400,A,2019,0,SPORT,2880
YAMAHA,FZ6 S ABS,29300,A,2007,0,TOURING,2880
SUZUKI,GSX 650 F,45000,A,2008,0,TOURING,3230
BMW,F 800 GS Adventure,47000,A,2015,0,TRAIL,8480
APRILIA,Tuono 125,12200,A1,2019,0,NAKED,3180
HONDA,Forza 125,25000,A1,2016,0,SCOOTER,3380
YAMAHA,YZF R1,40000,A,2006,0,SPORT,6180
TRIUMPH,Tiger 800 XR X promo,17100,A,2017,0,TRAIL,6880
KAWASAKI,GTR 1400,60600,A,2007,0,TOURING,6880
DUCATI,MONSTER S2R 800 promo,35600,A,2005,0,NAKED,4880
HONDA,NC 750 S DTC ABS,43400,A,2016,0,TRAIL,4880
KYMCO,Like 125,9100,A1,2016,0,SCOOTER,1530
MV AGUSTA,BRUTALE 750S,27000,A,2005,0,NAKED,5080
TRIUMPH,TIGER Explorer 1200 XR,23000,A,2016,0,TRAIL,12080
YAMAHA,MT10 promo,5000,A,2021,0,NAKED,4380
HUSABERG,TE 250,8000,A2,2012,0,OFF-ROAD,4380
TRIUMPH,Bonneville Speedmaster promo,2000,A,2019,0,CUSTOM,5080
SYM,Maxsym 600i ABS promo,31000,A / A2,2017,0,MAXI-SCOOTER,5080
YAMAHA,MT 01,54500,A,2007,0,NAKED,5080
BMW,F 700 GS promo,44000,A,2013,0,TRAIL,5080
TRIUMPH,SPEED TRIPLE,77000,A,2011,0,NAKED,5080
HONDA,CBR 600 RR,30800,A,2004,0,SPORT,3630
HONDA,CBR 1100 XX promo,64200,A,2003,0,SPORT,5280
HONDA,NC 750 X DCT,73000,A / A2,2018,0,TRAIL,5280
BMW,R 1200 GS promo,52000,A,2010,0,TRAIL,2280
PIAGGIO,MP3 350 ABS/ASR promo,900,A / A2,2021,0,TRES RUEDAS,2280
KYMCO,Grand Dink 125,40000,A1,2017,0,SCOOTER,2280
ZONTES,X-310,800,A2,2020,0,TRAIL,3780
HARLEY DAVIDSON,VRSCA V-Rod Screaming Eagle promo,7900,A,2002,0,CUSTOM,8180
KAWASAKI,Z 900,2700,A2,2020,0,NAKED,8180
HONDA,CBR 600 RR,54400,A,2005,0,SPORT,3880
SUZUKI,Marauder 250 promo,17000,A2,2005,0,CUSTOM,5930
HONDA,CBF 600S promo,75000,A,2006,0,TOURING,5930
YAMAHA,V-Max 1200,58000,A,1992,0,CUSTOM,5930
YAMAHA,YZF R1 promo,26000,A,2005,0,SPORT,4930
KAWASAKI,VN VULCAN 800 CLASIC,30700,A,2005,0,CUSTOM,4930
DUCATI,MONSTER 796,48000,A,2012,0,NAKED,4930
VESPA,S 125 ie,14500,A1,2010,0,SCOOTER,2330
PEUGEOT,Django50Heritage promo,2000,AM,2020,0,SCOOTER,4430
MV AGUSTA,BRUTALE 800 RR promo,4000,A,2019,0,NAKED,4430
SUZUKI,GSX 1250 FA promo,40000,A,2010,0,TOURING,4430
YAMAHA,X MAX 400 promo,29400,A2,2015,0,MAXI-SCOOTER,4430
BMW,C 600 Sport promo,35000,A / A2,2012,0,MAXI-SCOOTER,4430
APRILIA,RSV4 RR promo,22000,A,2016,0,SPORT,4430
KAWASAKI,ZX6R promo,65000,A,2007,0,SPORT,4430
DUCATI,MONSTER796 promo,44000,A,2011,0,NAKED,4430
BMW,K1200R promo,48000,A,2007,0,TOURING,4430
TRIUMPH,ThruxtonRS promo,7000,A,2021,0,CUSTOM,4430
BMW,F 800 ST promo,33000,A,2006,0,TOURING,4430
SUZUKI,V-Strom 650,33300,A / A2,2007,0,TRAIL,4430
YAMAHA,FZ8 N,42400,A,2012,0,NAKED,4730
YAMAHA,X MAX 400 ABS,18100,A2,2015,0,MAXI-SCOOTER,5440
SUZUKI,GSR750,45000,A,2012,0,NAKED,4930
YAMAHA,X MAX 250,56800,A2,2006,0,MAXI-SCOOTER,1230
HONDA,Integra promo,49000,A,2013,0,MAXI-SCOOTER,3330
SUZUKI,GSX R600,39000,A,2005,0,SPORT,3330
BMW,C 650 Sport,16600,A,2016,0,MAXI-SCOOTER,6730
HONDA,CBF 600S,11200,A,2006,0,NAKED,3430
YAMAHA,YZF R1,50000,A,2006,0,SPORT,5330
KTM,125 Duke,3000,A1,2020,0,NAKED,4230
SUZUKI,BURGMAN 650 Executive promo,18000,A / A2,2016,0,MAXI-SCOOTER,5330
BMW,K 1200 R,33000,A,2006,0,TOURING,5330
KTM,250 EXC-F,1900,A2,2021,0,OFF-ROAD,8130
APRILIA,Tuono V4 1100 Factory promo,3000,A,2021,0,SPORT,8130
KTM,125 Duke promo,5300,A1,2020,0,NAKED,8130
SUZUKI,Hayabusa 1300 promo,32000,A,2007,0,TOURING,8130
YAMAHA,XSR900 ABS,13000,A,2019,0,NAKED,8130
BMW,F 700 GS,64200,A,2013,0,TRAIL,6130
HONDA,CB 1000R,25000,A,2008,0,NAKED,5930
SUZUKI,V-Strom 1000 ABS,25200,A,2015,0,TRAIL,8930
DUCATI,MULTISTRADA 1100,56000,A,2009,0,TRAIL,4430
HONDA,FORZA 250 X,14000,A2,2006,0,MAXI-SCOOTER,1630
BMW,K 1200 R promo,43000,A,2006,0,TOURING,7630
SUZUKI,BURGMAN 650 Executive,19000,A / A2,2017,0,MAXI-SCOOTER,7630
BMW,S 1000 RR,41000,A,2013,0,SPORT,11430
KAWASAKI,J 125,13000,A1,2017,0,SCOOTER,2830
KAWASAKI,Ninja 1000 SX,15000,A,2020,0,TOURING,12930
BMW,K 1200 S,23200,A,2008,0,TOURING,6330
HONDA,NT 700 V DEAUVILLE,51000,A,2011,0,TOURING,4630
YAMAHA,X-MAX 125 promo,20700,A1,2018,0,SCOOTER,8930
BMW,C 650 Sport,1700,A2,2020,0,MAXI-SCOOTER,8930
SUZUKI,BURGMAN 200,3500,A2,2015,0,MAXI-SCOOTER,2330
HONDA,CBF 1000 promo,37000,A,2006,0,NAKED,4430
HARLEY DAVIDSON,Touring Electra Glide Classic promo,42000,A,2000,0,CUSTOM,4430
KAWASAKI,ZX 10R promo,58000,A,2007,0,SPORT,4430
HONDA,CBF 600S promo,45000,A,2004,0,TOURING,4430
SUZUKI,BURGMAN 400 promo,23000,A2,2009,0,MAXI-SCOOTER,4430
SYM,Maxsym 600i ABS promo,13000,A / A2,2019,0,MAXI-SCOOTER,4430
HONDA,NT 700 V DEAUVILLE,10000,A,2008,0,TOURING,4430
KTM,125 Duke,4600,A1,2018,0,NAKED,4130
DUCATI,Scrambler 1100 promo,2000,A,2021,0,NAKED,4930
HONDA,NT 700 V DEAUVILLE,48100,A,2011,0,TOURING,4930
BMW,R 850 R,45700,A,2004,0,NAKED,3930
KYMCO,AK 550,18200,A2,2017,0,MAXI-SCOOTER,6130
KAWASAKI,VERSYS 1000,34600,A,2017,0,TRAIL,8930
SUZUKI,GSF 600 Bandit S promo,62300,A,2005,0,TOURING,2430
KTM,1290 Super Duke GT promo,24000,A,2017,0,NAKED,2430
BENELLI,BN 251,15000,A2,2016,0,NAKED,2430
SUZUKI,V-Strom 1000,57800,A,2006,0,TRAIL,4630
FANTIC,Caballero Flat Track 500,2700,A2,2020,0,NAKED,5930
BMW,R 1200 R,37400,A,2015,0,NAKED,9730
SUZUKI,GSX-S 1000 promo,63000,A,2015,0,NAKED,1630
MASH,Seventy Five,2000,A1,2017,0,NAKED,1630
HONDA,NTV 650 REVERE promo,55000,A / A2,1989,0,NAKED,7030
BMW,C 650 Sport,14000,A / A2,2016,0,MAXI-SCOOTER,7030
HONDA,CBR 600 RR,30000,A,2007,0,SPORT,5430
SUZUKI,GSX-S 1000 F,8900,A,2015,0,TOURING,10730
PIAGGIO,LIBERTY 50 I-GET promo,20000,AM,2018,0,SCOOTER,4230
APRILIA,RSV4 RR promo,18500,A,2016,0,SPORT,4230
BMW,F 800 GS promo,70700,A,2009,0,TRAIL,4230
KTM,125 Duke,9000,A1,2017,0,NAKED,4230
KAWASAKI,Z 1000 SX,29000,A,2018,0,TOURING,9430
KTM,1290 Super Adventure,66000,A,2015,0,TRAIL,9430
BMW,R nineT Scrambler,600,A,2020,0,NAKED,13830
BMW,R 850 R promo,83000,A,2003,0,NAKED,2730
KTM,DUKE II,36000,A,2002,0,NAKED,2730
BMW,R 1200 R,114000,A,2007,0,NAKED,4230
BMW,R nineT Scrambler promo,13000,A,2019,0,NAKED,4430
TRIUMPH,STREET TRIPLE,15000,A / A2,2009,0,NAKED,4430
HONDA,SILVER WING 600,22000,A / A2,2006,0,MAXI-SCOOTER,3130
YAMAHA,X-CITY 250,47000,A2,2007,0,MAXI-SCOOTER,6130
BMW,K 1200 RS promo,30000,A,2007,0,TOURING,6130
TRIUMPH,TIGER 800,69000,A,2011,0,TRAIL,6130
MV AGUSTA,BRUTALE 990 R promo,43000,A,2010,0,NAKED,10730
MV AGUSTA,BRUTALE 1090 RR,15000,A,2013,0,NAKED,10730
YAMAHA,T-Max 500,46000,A2,2011,0,MAXI-SCOOTER,4930
BMW,K 1200 R,53000,A,2006,0,TOURING,5530
YAMAHA,T-Max 500,38000,A2,2008,0,MAXI-SCOOTER,5430
SUZUKI,LS 650 Savage promo,56000,A,1997,0,CUSTOM,6430
BMW,R 1200 RT 110cv,99200,A,2005,0,TOURING,6430
HANWAY,Raw 125 Cafe,11000,A1,2018,0,CLASSIC,1530
BMW,R nineT Racer,3700,A,2021,0,SPORT,11930
HONDA,NT 650 V DEAUVILLE,60800,A,2005,0,TOURING,3430
BMW,R 1200 R,53600,A,2007,0,NAKED,5730
VESPA,LXV 50 2T,17300,AM,2004,0,SCOOTER,1030
BMW,C 650 GT promo,12000,A / A2,2020,0,MAXI-SCOOTER,2930
PIAGGIO,X10 350 ie,5000,A1,2013,0,SCOOTER,2930
BENELLI,TRK 502,14000,A / A2,2019,0,TRAIL,4730
BMW,C 650 GT,59000,A / A2,2015,0,MAXI-SCOOTER,4430
DAELIM,XQ2 300,5000,A2,2021,0,SCOOTER,3530
BMW,K 1200 R,43100,A,2007,0,NAKED,1740
KAWASAKI,GTR 1400 promo,41000,A,2009,0,TOURING,1740
HANWAY,Scrambler 125,300,A1,2017,0,NAKED,1740
BMW,F 700 GS,21600,A,2017,0,TRAIL,7430
TRIUMPH,TIGER 800 XC X,21000,A,2017,0,TRAIL,9530
SUZUKI,V-Strom 650,16500,A / A2,2007,0,TRAIL,4430
SUZUKI,V-Strom 650,63000,A,2006,0,TRAIL,3930
KTM,790 Duke promo,24000,A,2018,0,NAKED,5930
YAMAHA,MT 09,22000,A,2014,0,NAKED,5930
TRIUMPH,SPEED Four promo,36000,A,2005,0,NAKED,3230
DUCATI,MONSTER S2R 1000 promo,55000,A,2007,0,NAKED,3230
SUZUKI,Bandit 650 S promo,32000,A,2005,0,TOURING,3230
PEUGEOT,Django 50 Allure promo,18000,AM,2018,0,SCOOTER,3230
KAWASAKI,ER 6F promo,30000,A / A2,2008,0,TOURING,3230
TRIUMPH,DAYTONA 600 promo,54500,A,2004,0,SPORT,3230
MACBOR,Montana XR3,700,A2,2020,0,TRAIL,3230
HONDA,VFR 800 FI,39000,A,2008,0,TOURING,5230
HONDA,CBR 1000RR Fireblade,31000,A,2010,0,SPORT,8230
KTM,125 Duke,3000,A1,2020,0,NAKED,4230
BMW,R 1200 R,30000,A,2010,0,NAKED,8030
MACBOR,Lord Martin 125,2700,A1,2018,0,CLASSIC,1930
HONDA,VARADERO XL1000V,50000,A,2006,0,TRAIL,5730
HONDA,XL 125V,21000,A1,2007,0,TRAIL,3130
DUCATI,MONSTER 696,27300,A,2008,0,NAKED,4130
YAMAHA,MT 09,20800,A,2015,0,NAKED,6230
BMW,C 600 Sport,36600,A2,2013,0,MAXI-SCOOTER,4830
TRIUMPH,TIGER 1050,84000,A,2009,0,TRAIL,4930
KYMCO,Super Dink 125 ABS,17000,A1,2018,0,SCOOTER,2930
YAMAHA,XT 660 X,64000,A,2006,0,NAKED,3030
HONDA,Integra,55000,A / A2,2016,0,MAXI-SCOOTER,5030
YAMAHA,FZ6 S,24000,A,2005,0,TRAIL,2930
BMW,K 1200 GT,51300,A,2007,0,TOURING,6930
DUCATI,1299 Panigale S Anniversario,15000,A,2017,0,SPORT,20430
KTM,125 Duke,12300,A1,2020,0,NAKED,4230
KTM,125 Duke,16700,A1,2017,0,NAKED,4030
TRIUMPH,Street Twin,27600,A,2019,0,NAKED,7430
HARLEY DAVIDSON,Sportster 1200 Custom,12900,A,2008,0,CUSTOM,10430
SUZUKI,GSX R600,53000,A,2005,0,SPORT,3130
HONDA,NC 700 S,29300,A,2011,0,MAXI-SCOOTER,4530
BMW,R 1200 R,62900,A,2007,0,NAKED,5530
SUZUKI,Bandit 650 S,18200,A,2007,0,TOURING,3330
KAWASAKI,VERSYS 1000,31000,A,2019,0,TRAIL,10930
SUZUKI,GSX R1000,39000,A,2006,0,SPORT,5430
BMW,K 1200 GT,35700,A,2006,0,TOURING,6930
MASH,Cafe Racer,5100,A1,2017,0,CLASSIC,1530
APRILIA,Shiver 900,6000,A,2019,0,NAKED,6130
GAS GAS,EC 350 F,2000,A2,2021,0,OFF-ROAD,7730
MV AGUSTA,Turismo Veloce 800 Lusso,5800,A,2018,0,TRAIL,15130
LML,STAR 200 4T Deluxe,4500,A2,2015,0,SCOOTER,1630
BMW,R 1200 GS Adventure 105cv,86000,A,2007,0,TRAIL,9230
SUZUKI,GSX R750,39000,A,2008,0,SPORT,6130
SUZUKI,BURGMAN 200,7600,A2,2010,0,MAXI-SCOOTER,2130
SUZUKI,BURGMAN 400,33000,A2,2003,0,MAXI-SCOOTER,1430
HONDA,CB 500F,11000,A2,2017,0,NAKED,4830
SYM,JOYMAX 125,50000,A1,2015,0,SCOOTER,1730
DUCATI,MONSTER 696,29200,A,2008,0,NAKED,4130
TRIUMPH,Tiger 800 XR X,18200,A,2016,0,TRAIL,9130
DUCATI,MONSTER 1100,19200,A,2009,0,NAKED,7130
BMW,R 1200 RT,31400,A,2013,0,TOURING,12330
HONDA,Integra,35900,A,2014,0,MAXI-SCOOTER,5130
SUZUKI,GSX R1000,39200,A,2005,0,SPORT,5930
YAMAHA,MT10,17100,A,2019,0,NAKED,11930
TRIUMPH,STREET TRIPLE R,40000,A,2011,0,NAKED,4430
HONDA,CBR 1000 RR Fireblade,22000,A,2014,0,SPORT,12230
KTM,890 Adventure promo,6000,A,2021,0,TRAIL,7930
SUZUKI,B-KING 1340,27000,A,2011,0,NAKED,7930
BMW,S 1000 RR,44000,A,2011,0,SPORT,10930
TRIUMPH,TIGER 800,24000,A,2013,0,TRAIL,6930
HONDA,TRANSALP XL 650 V,36000,A / A2,2005,0,TRAIL,3730
HUSQVARNA,Vitpilen 701,7854,A,2018,0,NAKED,6130
BMW,R 1200 RT,107000,A,2012,0,TOURING,8630
BMW,K 1300 GT,60000,A,2008,0,TOURING,8230
HONDA,CBF 1000,37556,A,2007,0,TOURING,3930
BMW,C 650 Sport,21700,A2,2016,0,MAXI-SCOOTER,6430
DUCATI,Scrambler Classic,19000,A2,2016,0,NAKED,5430
HONDA,CBF 500 promo,91000,A,2004,0,NAKED,6530
KTM,250 EXC-F,7000,A2,2018,0,OFF-ROAD,6530
HONDA,NT 700 V DEAUVILLE,30000,A,2009,0,TOURING,5230
HONDA,CBR 1000 RR Fireblade promo,28000,A,2016,0,SPORT,4730
MV AGUSTA,BRUTALE 750S,52300,A,2005,0,NAKED,4730
MV AGUSTA,BRUTALE 800,42200,A,2013,0,NAKED,6730
KAWASAKI,Versys 650 ABS,15300,A / A2,2015,0,TRAIL,6130
KAWASAKI,VERSYS 1000,55800,A,2017,0,TRAIL,8930
BMW,S 1000 R,21100,A,2015,0,NAKED,12440
HARLEY DAVIDSON,Sportster 883 Superlow,36800,A,2011,0,CUSTOM,7130
YAMAHA,X enter 125,21300,A1,2018,0,SCOOTER,2330
KTM,790 Duke,19300,A,2019,0,NAKED,6430
APRILIA,RSV Mille Tuono,33900,A,2006,0,NAKED,3930
BMW,R 1200 R,45000,A,2007,0,NAKED,5930
BMW,F 800 GS,50000,A,2009,0,TRAIL,6630
BMW,F 650 GS,50000,A / A2,2010,0,TRAIL,4330
MASH,X-Ride 650,5000,A / A2,2021,0,NAKED,4930
YAMAHA,XT 660 X,7000,A,2006,0,NAKED,4530
HONDA,CBR 1000 RR Fireblade,15000,A,2016,0,SPORT,13230
HARLEY DAVIDSON,Street 750,16000,A,2016,0,CUSTOM,6030
MASH,Cafe Racer,3000,A1,2019,0,NAKED,1930
HONDA,CBR 600 RR,48000,A,2008,0,SPORT,5730
KYMCO,Super Dink 350i,27000,A2,2017,0,MAXI-SCOOTER,3130
BMW,R 1200 RT 110cv,32000,A,2008,0,TOURING,9830
KTM,1190 Adventure,60000,A,2013,0,TRAIL,9330
SUZUKI,Hayabusa 1300 promo,35000,A,2005,0,SPORT,4230
HONDA,VARADERO XL1000V,47900,A,2002,0,TRAIL,4230
CFMOTO,650 MT,30000,A2,2019,0,NAKED,4330
KTM,1290 Super Duke R ABS,35300,A,2014,0,NAKED,9830
DUCATI,1098 SUPERBIKE,41000,A,2008,0,SPORT,7920
SUZUKI,Marauder 250,20640,A2,2008,0,CUSTOM,1530
DUCATI,Streetfighter 1100,22715,A,2010,0,NAKED,8230
BENELLI,TRK 251,8900,A2,2020,0,TRAIL,3230
BMW,R 1200 GS,33000,A,2017,0,TRAIL,16930
YAMAHA,MT 03,20000,A2,2006,0,NAKED,2830
APRILIA,Shiver 750,8500,A,2011,0,NAKED,4630
BMW,R 1200 RT,87000,A,2011,0,TOURING,8430
SUZUKI,GSX 650 F,33000,A,2009,0,TOURING,3930
SUZUKI,BURGMAN 400,20000,A2,2014,0,MAXI-SCOOTER,3630
KYMCO,Grand Dink 125,15000,A1,2017,0,SCOOTER,2650
YAMAHA,X MAX 250 promo,28000,A2,2014,0,MAXI-SCOOTER,5180
HONDA,CB 500 X ABS,47000,A / A2,2018,0,TRAIL,5180
HONDA,CBF 600S promo,38300,A,2006,0,NAKED,5930
KAWASAKI,Z 1000,60700,A,2010,0,NAKED,5930
GOES,G 125 GT,3000,A1,2020,0,SCOOTER,2150
YAMAHA,XVS 650 Drag Star Classic,35000,A,2001,0,CUSTOM,3350
KTM,690 SMC R ABS,6000,A,2019,0,OFF-ROAD,8450
BMW,R 850 R,30900,A,2006,0,NAKED,4550
BMW,F 800 ST,68000,A,2007,0,TOURING,3450
BMW,K 1600 GT,40000,A,2018,0,TOURING,16950
PIAGGIO,MP3 500 Sport ABS/ASR promo,711,A2,2021,0,TRES RUEDAS,2850
SUZUKI,GSF 600 Bandit S,65000,A,2004,0,TOURING,2850
SUZUKI,GSX R600,50000,A,2008,0,SPORT,5330
DUCATI,MONSTER 796 promo,43700,A,2011,0,NAKED,5250
BMW,C 600 Sport,24000,A / A2,2014,0,MAXI-SCOOTER,5250
HONDA,CB 500F,25000,A / A2,2017,0,NAKED,4750
HONDA,NT 700 V DEAUVILLE,27000,A / A2,2014,0,TOURING,7250
GILERA,Nexus 300,21400,A2,2006,0,MAXI-SCOOTER,1950
DUCATI,Scrambler Desert Sled,527,A,2021,0,NAKED,10950
BENELLI,Leoncino 250,5000,A2,2020,0,NAKED,3270
HONDA,CRF1000L Africa Twin,23000,A,2018,0,TRAIL,11550
BMW,F 800 GS,33700,A,2012,0,TRAIL,7430
TRIUMPH,SPEED Four,52400,A,2003,0,NAKED,2230
BMW,C 400 X,18000,A2,2018,0,MAXI-SCOOTER,5450
BMW,F 800 GS,50000,A,2016,0,TRAIL,7950
SWM,Super Dual T promo,5500,A2,2020,0,NAKED,3750
YAMAHA,YZF R6,35200,A,2005,0,SPORT,3750
BENELLI,Leoncino 250,12100,A2,2019,0,NAKED,2850
HONDA,CBR 600F promo,77900,A,1999,0,SPORT,1950
MOTOR HISPANIA,REVENGE,100,A1,2021,0,NAKED,1950
APRILIA,Caponord,40400,A,2014,0,TRAIL,8750
MOTO GUZZI,V7 II Racer,4600,A,2016,0,NAKED,7950
SUZUKI,GSX R1000,45500,A,2005,0,SPORT,5450
DUCATI,MONSTER 1200,22800,A,2014,0,NAKED,10950
HONDA,SCOOPY SH300i,11600,A2,2007,0,MAXI-SCOOTER,2950
ORCAL,Astor 125,1000,A1,2020,0,NAKED,1750
HARLEY DAVIDSON,Sportster Forty-Eight,16000,A,2016,0,CUSTOM,11550
HUSQVARNA,SVARTPILEN 401,3500,A2,2020,0,NAKED,4550
HONDA,CBR 650F,43200,A,2015,0,TOURING,5350
KTM,790 Duke promo,16000,A,2018,0,NAKED,1050
KTM,690 SMC R ABS promo,17000,A,2019,0,NAKED,1050
KTM,690 DUKE promo,20000,A,2018,0,NAKED,1050
BMW,C 650 GT promo,43000,A / A2,2017,0,MAXI-SCOOTER,1050
YAMAHA,YP Majesty 150,32000,A1,2003,0,SCOOTER,1050
SUZUKI,BURGMAN 400,9000,A2,2018,0,MAXI-SCOOTER,5250
HONDA,VFR 800 FI,59000,A,2007,0,TOURING,3950
KAWASAKI,Z 900,8000,A,2020,0,NAKED,8250
SUZUKI,Gladius 650 ABS,4000,A / A2,2012,0,NAKED,5150
YAMAHA,YZF R1,22000,A,2004,0,SPORT,5950
SYM,Fiddle 125,500,A1,2020,0,SCOOTER,2450
KAWASAKI,VERSYS 1000,9000,A,2020,0,TRAIL,12750
SUZUKI,VL 800 Intruder Volusia,60000,A,2004,0,CUSTOM,4250
BMW,F 800 R 2015,12000,A,2015,0,NAKED,6550
SYM,Fiddle III,10000,AM,2019,0,SCOOTER,1550
HONDA,FORZA 250 EX,27000,A2,2007,0,MAXI-SCOOTER,1750
KYMCO,Xciting 400i,29300,A / A2,2018,0,MAXI-SCOOTER,3550
TRIUMPH,TIGER 1050,32000,A,2010,0,TRAIL,6950
HONDA,CTX 700,13300,A,2014,0,TOURING,6750
YAMAHA,FJR 1300 A,51272,A,2008,0,TOURING,6950
KAWASAKI,ZX 6R,39900,A,2007,0,SPORT,4250
SUZUKI,GSX 650 F,27600,A,2008,0,TOURING,3450
SYM,MAXSYM 400,35200,A / A2,2012,0,MAXI-SCOOTER,2850
SYM,JOYMAX 300i ABS S&S Sport,11700,A2,2018,0,SCOOTER,3070
APRILIA,SX 125,4300,A1,2021,0,NAKED,3490
TRIUMPH,SPEED Four,20600,A,2004,0,SPORT,2850
KYMCO,AK 550,21200,A2,2017,0,MAXI-SCOOTER,5950
SUZUKI,BURGMAN 200 promo,19000,A2,2015,0,MAXI-SCOOTER,10450
HARLEY DAVIDSON,Sportster Superlow 1200T,21500,A,2017,0,CUSTOM,10450
SYM,Maxsym 600i ABS promo,2000,A / A2,2020,0,MAXI-SCOOTER,8750
BMW,R nineT,32800,A,2018,0,NAKED,8750
KYMCO,Agility CITY 125,11000,A1,2019,0,SCOOTER,1850
BMW,K 1200 R,33500,A,2007,0,TOURING,4950
KYMCO,AK 550,10200,A2,2018,0,MAXI-SCOOTER,6450
BMW,K 1200 S,49200,A,2008,0,TOURING,5950
DUCATI,MULTISTRADA 1000 DS,7000,A,2006,0,TRAIL,5250
BMW,F 700 GS promo,56000,A,2012,0,TRAIL,2430
SUZUKI,VanVan 125,6200,A1,2010,0,NAKED,2430
MV AGUSTA,Dragster 800 RR America,27000,A,2019,0,NAKED,13730
DUCATI,MONSTER S2R 800,24000,A,2006,0,NAKED,3430
KAWASAKI,Ninja 1000 SX,7400,A,2021,0,TOURING,14230
KTM,790 Duke promo,17000,A,2018,0,NAKED,1950
SYM,MAXSYM 600i ABS Sport promo,18000,A / A2,2019,0,MAXI-SCOOTER,1950
TRIUMPH,Street Triple R promo,39100,A,2013,0,NAKED,1950
MITT,125 PK,640,A1,2020,0,NAKED,1950
YAMAHA,Majesty 400,51990,A / A2,2012,0,MAXI-SCOOTER,3150
YAMAHA,X MAX 250,19000,A2,2014,0,MAXI-SCOOTER,2950
BMW,C 650 GT,3200,A2,2018,0,MAXI-SCOOTER,7950
BMW,F 800 GS,37300,A,2010,0,TRAIL,6950
BMW,R 1200 GS,4200,A,2016,0,TRAIL,15950
SUZUKI,Bandit 650 S,31500,A,2005,0,TOURING,3050
HONDA,Rebel 500,500,A2,2019,0,CUSTOM,5950
SUZUKI,GSX R1000,33500,A,2008,0,SPORT,7450
HONDA,NT 700 DEAUVILLE,46600,A,2007,0,TOURING,4150
TRIUMPH,DAYTONA 675 TRIPLE,31800,A,2006,0,SPORT,5550
YAMAHA,FJR 1300 A,42100,A,2008,0,TOURING,12550
BENELLI,Leoncino 250,1400,A2,2019,0,NAKED,3450
KAWASAKI,ZX 6R 636,26200,A,2005,0,SPORT,3450
HARLEY DAVIDSON,Dyna Switchback,60100,A,2012,0,CUSTOM,12450
BMW,F 800 GT,27500,A,2015,0,TOURING,6550
BMW,S 1000 RR,34400,A,2012,0,SPORT,11550
KAWASAKI,VERSYS 650 promo,59000,A / A2,2013,0,TRAIL,6450
BMW,C 650 GT,20000,A / A2,2018,0,MAXI-SCOOTER,6450
YAMAHA,XVS 650 Drag Star Classic,17000,A / A2,2007,0,CUSTOM,4450
KAWASAKI,ER 6N,71000,A / A2,2007,0,NAKED,2450
HARLEY DAVIDSON,VRSCA V-Rod Screaming Eagle promo,56000,A,2002,0,CUSTOM,4950
HONDA,CBR 1000RR,60000,A,2005,0,SPORT,4950
TRIUMPH,DAYTONA 650,52000,A,2006,0,SPORT,4150
YAMAHA,FZ1 N,72000,A,2010,0,NAKED,4950
YAMAHA,X-MAX 300,13000,A2,2018,0,MAXI-SCOOTER,4750
YAMAHA,X-MAX 125,8000,A1,2021,0,SCOOTER,4550
BMW,R 1200 GS Adventure,49000,A,2016,0,TRAIL,14950
BMW,G 310 R,10000,A2,2017,0,NAKED,3650
KAWASAKI,Z 900,6000,A,2020,0,NAKED,8250
DUCATI,Streetfighter 1100,37000,A,2010,0,NAKED,7650
BMW,C 600 Sport,43000,A / A2,2013,0,MAXI-SCOOTER,4750
YAMAHA,FZ1 N,56000,A,2006,0,NAKED,4150
YAMAHA,MT10 SP,16000,A,2020,0,NAKED,13950
MASH,Five Hundred,6000,A2,2019,0,NAKED,3450
KTM,RC8 1150,14800,A,2008,0,SPORT,7350
FKM,Street Scrambler 125,1000,A1,2020,0,NAKED,1650
HONDA,Integra,700,A,2021,0,TRAIL,14950
SYM,Mio 115,3000,A1,2019,0,SCOOTER,1350
SUZUKI,GSX-R1000R promo,17000,A,2017,0,SPORT,3450
YAMAHA,XVS 650 A Drag Star Classic,65000,A,2008,0,CUSTOM,3450
BMW,R 1200 GS promo,83000,A,2005,0,TRAIL,2650
HONDA,FMX 650 promo,26000,A / A2,2005,0,NAKED,2650
YAMAHA,YZF R1 promo,31000,A,2005,0,SPORT,2650
YAMAHA,XV 1100 Virago,73000,A,1991,0,CUSTOM,2650
BMW,R 1200 GS,17000,A,2007,0,TRAIL,8450
BMW,R 1200 GS 98cv promo,41000,A,2008,0,TRAIL,9650
HONDA,CB 500 X promo,25000,A / A2,2016,0,TRAIL,9650
SUZUKI,GSX-R1000R promo,17000,A,2018,0,SPORT,9650
BMW,R 1200 R,44000,A,2016,0,NAKED,9650
YAMAHA,Super Ténéré promo,41000,A,2018,0,TRAIL,2950
BMW,K 1200 RS,97000,A,2007,0,TOURING,2950
APRILIA,Dorsoduro 750 promo,34000,A,2010,0,NAKED,1150
DERBI,Variant Sport 50,10000,AM,2015,0,SCOOTER,1150
SUZUKI,GSX R600,16000,A,2008,0,SPORT,5750
BMW,R 1200 R,8000,A,2007,0,NAKED,7250
APRILIA,SMV 750 Dorsoduro promo,72000,A,2009,0,NAKED,9950
HONDA,Integra promo,17000,A / A2,2020,0,MAXI-SCOOTER,9950
HARLEY DAVIDSON,Dyna Low Rider,55000,A,2005,0,CUSTOM,9950
PEUGEOT,SATELIS 125i urban promo,12000,A1,2014,0,SCOOTER,15950
YAMAHA,V-Max 1700,18000,A,2009,0,CUSTOM,15950
BENELLI,502 C,6500,A2,2019,0,NAKED,4950
KYMCO,Xciting 400i,9800,A2,2019,0,MAXI-SCOOTER,5770
SYM,Jet 4 50 4T,14200,AM,2019,0,SCOOTER,1650
TRIUMPH,STREET TRIPLE S,7900,A / A2,2018,0,NAKED,7050
YAMAHA,MT10,29700,A,2016,0,NAKED,10250
APRILIA,Shiver 900,6600,A,2018,0,NAKED,6150
BMW,R 1200 GS 105cv,77185,A,2009,0,TRAIL,9150
BMW,G 310 R,2800,A2,2018,0,NAKED,3950
KAWASAKI,VN 1600 CLASIC,31700,A,2006,0,CUSTOM,6950
HONDA,SCOOPY SH300i TopBox,38087,A / A2,2012,0,MAXI-SCOOTER,3250
YAMAHA,XJ6 Diversion N,39100,A / A2,2012,0,NAKED,3650
TRIUMPH,Speedmaster 900,10743,A,2011,0,CUSTOM,6550
INDIAN,FTR 1200 promo,2200,A,2021,0,NAKED,2950
PIAGGIO,beverly Sport Touring 350 ie,27300,A2,2012,0,MAXI-SCOOTER,2950
SUZUKI,V-Strom 650 ABS,41986,A,2019,0,TRAIL,6350
BMW,K 1200 R,44106,A,2006,0,NAKED,4950
BMW,C 650 GT,14945,A / A2,2014,0,MAXI-SCOOTER,5650
BMW,F 700 GS,24924,A,2015,0,TRAIL,8750
HONDA,CBR 1000 RR Fireblade,8076,A,2017,0,SPORT,16950
SUZUKI,GSX R1000,64031,A,2006,0,SPORT,5250
YAMAHA,XVZ 1300 Royal Star Venture,32400,A,1999,0,CUSTOM,7250
TRIUMPH,Bonneville Bobber Black,1500,A,2020,0,CUSTOM,13950
HONDA,CRF1000L Africa Twin DCT,43000,A,2016,0,TRAIL,9950
HONDA,CBR 650 F promo,23000,A,2018,0,SPORT,2750
DUCATI,Streetfighter V4 promo,19000,A,2020,0,NAKED,2750
HONDA,Forza 125 promo,6000,A1,2017,0,SCOOTER,2750
DUCATI,1098 SUPERBIKE promo,46000,A,2007,0,SPORT,2750
BENELLI,BN 251 ABS,4500,A2,2017,0,NAKED,2750
APRILIA,SMV 750 Dorsoduro,44200,A,2008,0,NAKED,4450
BMW,R 1200 RT 110cv,49100,A,2006,0,TOURING,7950
KYMCO,Super Dink 125 ABS,11000,A1,2018,0,SCOOTER,2850
SUZUKI,V-Strom 650,80000,A,2006,0,TRAIL,2950
HARLEY DAVIDSON,Softail Slim,10900,A,2016,0,CUSTOM,19950
KAWASAKI,Ninja H2 SX SE +,1500,A,2021,0,TOURING,19950
KYMCO,Grand Dink 125,29300,A1,2019,0,SCOOTER,2250
BENELLI,TRK 251,6800,A2,2019,0,TRAIL,2850
HARLEY DAVIDSON,Street 750,3600,A,2018,0,CUSTOM,6950
KTM,690 SMC R ABS,11000,A / A2,2019,0,NAKED,8350
SUZUKI,BURGMAN 125,13300,A1,2016,0,SCOOTER,2350
KAWASAKI,VERSYS 650,61564,A / A2,2008,0,NAKED,3350
PIAGGIO,X EVO 400,12432,A / A2,2009,0,MAXI-SCOOTER,2150
YAMAHA,X MAX 125 Iron Max,11868,A1,2019,0,NAKED,4550
KAWASAKI,Z 750,56000,A,2005,0,NAKED,2450
BMW,F 800 GS,57921,A,2009,0,TRAIL,6650
YAMAHA,XV 1100 Virago,57287,A,1991,0,CUSTOM,2750
YAMAHA,XJ6 Diversion N,26700,A / A2,2009,0,NAKED,3850
SYM,Maxsym 600i ABS,38000,A2,2018,0,MAXI-SCOOTER,3950
DUCATI,MONSTER 620,1450,A,2003,0,NAKED,3650
BMW,F 800 S promo,65000,A,2008,0,TOURING,6250
KAWASAKI,Z 1000,19100,A,2008,0,NAKED,6250
DUCATI,749 R promo,49000,A,2005,0,SPORT,14950
HARLEY DAVIDSON,VRSC Night Rod Special,31200,A,2011,0,CUSTOM,14950
KAWASAKI,Z 900,13800,A,2020,0,NAKED,7950
BMW,C 600 Sport promo,17000,A / A2,2013,0,MAXI-SCOOTER,3250
KTM,390 Duke,27290,A2,2016,0,NAKED,3250
TRIUMPH,STREET TRIPLE,50932,A,2010,0,NAKED,3450
KTM,125 Duke,8565,A1,2019,0,NAKED,3750
APRILIA,Tuono 125,7080,A1,2021,0,NAKED,3750
HARLEY DAVIDSON,Sportster 883,14952,A,2003,0,CUSTOM,8950
HONDA,CBR 1000RR,25037,A,2008,0,SPORT,9170
BMW,R 1200 R,19779,A,2016,0,NAKED,10750
DUCATI,Scrambler Desert Sled,8915,A,2017,0,NAKED,9450
KYMCO,Grand Dink 125,14300,A1,2017,0,SCOOTER,2850
SUZUKI,V-Strom 650 ABS,25400,A / A2,2020,0,TRAIL,7450
BMW,G 310 R,360,A2,2020,0,SPORT,4950
DUCATI,MONSTER 1200,23800,A,2015,0,NAKED,11250
TRIUMPH,TIGER 800 XC,36600,A,2012,0,TRAIL,7250
KAWASAKI,J 125 promo,11500,A1,2017,0,SCOOTER,12970
KAWASAKI,Ninja H2 SX SE promo,4800,A,2019,0,TOURING,12970
KTM,1290 Super Adventure T,18000,A,2017,0,TRAIL,12970
YAMAHA,T-Max 500 ABS,57490,A / A2,2008,0,MAXI-SCOOTER,4770
KTM,950 Adventure,54625,A,2005,0,TRAIL,5770
BMW,F 800 ST,40023,A,2007,0,TOURING,3770
VESPA,Primavera 125,852,A1,2021,0,SCOOTER,3670
DUCATI,Scrambler 1100,8632,A,2018,0,NAKED,9880
YAMAHA,XJ6 Diversion N,19838,A / A2,2009,0,NAKED,3570
HONDA,X-ADV,34077,A / A2,2018,0,MAXI-SCOOTER,7970
SUZUKI,Bandit 650 S,68000,A,2007,0,TOURING,2570
QUADRO,QV3,32390,A / A2,2019,0,TRES RUEDAS,4470
KTM,Freeride 250 F,6000,A / A2,2018,0,OFF-ROAD,4970
DUCATI,Scrambler Café Racer promo,20000,A,2018,0,NAKED,2430
YAMAHA,FZ6 N,36000,A,2004,0,NAKED,2430
BMW,S 1000 RR,33000,A,2013,0,SPORT,11880
SYM,CruisymAlpha300 promo,1000,A2,2021,0,MAXI-SCOOTER,6330
KTM,690 DUKE promo,26000,A,2013,0,NAKED,6330
KAWASAKI,GTR 1400,89300,A,2009,0,TOURING,6330
HONDA,CBF 600N,65000,A,2007,0,NAKED,2430
TRIUMPH,SPEED TRIPLE RS,8400,A,2018,0,NAKED,12930
RIEJU,Century,800,A1,2021,0,NAKED,3030
SUZUKI,GS 500,63000,A / A2,1992,0,NAKED,1250
KTM,690 SMC R ABS,7900,A,2019,0,NAKED,8450
BENELLI,BN 251 ABS,18600,A2,2019,0,NAKED,2550
HARLEY DAVIDSON,Sportster 883,14500,A,2008,0,CUSTOM,6950
SUZUKI,BURGMAN 125 promo,20000,A1,2008,0,SCOOTER,4770
YAMAHA,X MAX 400 ABS,9000,A2,2016,0,MAXI-SCOOTER,4770
KYMCO,AK 550 promo,16000,A / A2,2019,0,MAXI-SCOOTER,7170
HONDA,CRF 250 RX,1700,A2,2019,0,OFF-ROAD,7170
HONDA,CB 500 F promo,4500,A2,2019,0,NAKED,4350
BMW,F 800 R,35000,A,2009,0,NAKED,4350
KTM,LC4 620 SUPERCOMPETICION,11800,A,2005,0,OFF-ROAD,4130
TRIUMPH,STREET TRIPLE RS promo,1000,A,2018,0,NAKED,2550
KAWASAKI,ER 6F,44200,A / A2,2006,0,NAKED,2550
BMW,G 650 GS,49000,A / A2,2010,0,TRAIL,4130
HONDA,VFR 800 FI,44000,A2,2011,0,TOURING,5970
DUCATI,HYPERMOTARD 1000,23800,A,2008,0,NAKED,6170
HONDA,VARADERO XL1000V,72000,A,2007,0,TRAIL,4470
YAMAHA,T-Max 500,37700,A2,2010,0,MAXI-SCOOTER,5170
BMW,K 1200 GT,85700,A,2006,0,TOURING,5970
YAMAHA,YZF R1,37500,A,2006,0,SPORT,5370
KAWASAKI,ZX-10RR,26600,A,2017,0,SPORT,14570
HONDA,VARADERO XL1000V,32600,A,2008,0,TRAIL,6470
KTM,690 SMC R ABS,6800,A,2020,0,NAKED,8570
MACBOR,Shifter MC1,20500,A1,2018,0,TRAIL,2170
TRIUMPH,SPEED TRIPLE,37800,A,2011,0,NAKED,7170
DUCATI,Scrambler Sixty2,13000,A2,2019,0,NAKED,6170
YAMAHA,X MAX 250,16000,A2,2010,0,MAXI-SCOOTER,2570
HONDA,VT 750 C SHADOW,48000,A,2012,0,CUSTOM,4570
BMW,R nineT Scrambler,1500,A,2020,0,NAKED,12470
SUZUKI,Gladius 650,42900,A2,2013,0,NAKED,3570
BMW,R 1200 GS,86000,A,2004,0,TRAIL,5670
DUCATI,MONSTER 1200,52500,A,2014,0,NAKED,7470
SYM,Symphony ST 200i CBS,6300,A2,2019,0,MAXI-SCOOTER,2270
SUZUKI,BURGMAN 125,24000,A1,2015,0,SCOOTER,2470
BMW,R 1200 GS,60700,A,2005,0,TRAIL,6370
SYM,MAXSYM 400,20000,A2,2012,0,MAXI-SCOOTER,3270
SUZUKI,GSR 600,38100,A,2006,0,NAKED,2770
SUZUKI,GSX R1000,30100,A,2008,0,SPORT,7470
BMW,K 1200 GT,101600,A,2006,0,TOURING,5470
KAWASAKI,Z 800e,11000,A / A2,2016,0,NAKED,5870
HONDA,NT 650 V DEAUVILLE,22000,A / A2,2003,0,TOURING,2970
VESPA,Elettrica L1,565,A1,2019,0,SCOOTER,4970
BMW,R nineT Urban GS,3000,A,2021,0,TOURING,15570
HONDA,VARADERO XL1000V,41000,A,2008,0,TRAIL,5770
KYMCO,Grand Dink 125,17000,A1,2018,0,SCOOTER,2570
PEUGEOT,Citystar 125 ABS,7200,A1,2019,0,SCOOTER,2270
HONDA,Forza 300,42000,A2,2018,0,MAXI-SCOOTER,3770
APRILIA,RS 660,913,A,2021,0,SPORT,9970
BENELLI,Leoncino 250,6000,A2,2020,0,NAKED,3270
BMW,G 310 GS,3639,A2,2019,0,TRAIL,4470
YAMAHA,YZF R1,52000,A,2006,0,SPORT,5370
TRIUMPH,Speedmaster 800,28900,A,2005,0,CUSTOM,5670
YAMAHA,YZF R1,41000,A,2005,0,SPORT,5970
DUCATI,Scrambler Classic,24000,A / A2,2017,0,NAKED,5970
SUZUKI,GSX R600 promo,45000,A,2009,0,SPORT,4470
HONDA,CBR 1000RR Fireblade promo,24000,A,2011,0,SPORT,4470
SUZUKI,GSX R1000,32500,A,2005,0,SPORT,4470
HONDA,NC 750 S,30100,A / A2,2015,0,NAKED,5570
YAMAHA,FZ8 N,38400,A,2011,0,NAKED,4770
HONDA,X-ADV,45000,A,2018,0,MAXI-SCOOTER,7470
HONDA,CB 1000R,15200,A,2019,0,NAKED,10770
KTM,790 Duke,42500,A,2018,0,NAKED,5570
TRIUMPH,TIGER Explorer 1200,30000,A,2015,0,TRAIL,10970
SUZUKI,BURGMAN 400,22500,A / A2,2015,0,MAXI-SCOOTER,3670
KAWASAKI,Vulcan S,8100,A / A2,2017,0,CUSTOM,6290
BMW,F 800 GT,16500,A,2016,0,TOURING,7470
HONDA,CBR 1000 RR Fireblade,6900,A,2018,0,SPORT,16370
BMW,F 900 XR,4700,A,2020,0,TRAIL,11970
YAMAHA,YZF R1,43000,A,2007,0,SPORT,6070
HONDA,CBF 600S,41500,A / A2,2010,0,TOURING,3270
HONDA,S-WING 125,37600,A1,2008,0,NAKED,1570
YAMAHA,X-MAX 250 Momodesing,2652,A2,2015,0,MAXI-SCOOTER,3170
HARLEY DAVIDSON,Sportster Forty-Eight,19000,A,2015,0,CUSTOM,11170
VESPA,Primavera 50 2T,10000,AM,2020,0,SCOOTER,1970
PIAGGIO,beverly Sport Touring 350 ie,19800,A2,2013,0,MAXI-SCOOTER,3270
HONDA,CB 500 F,17000,A / A2,2019,0,NAKED,4970
TRIUMPH,STREET TRIPLE 660,8750,A,2018,0,NAKED,6970
KTM,390 Duke,16000,A2,2018,0,NAKED,4470
BMW,C 650 GT,24000,A / A2,2015,0,MAXI-SCOOTER,5270
APRILIA,SRV 850,17900,A,2014,0,MAXI-SCOOTER,5570
BMW,K 1200 GT,111000,A,2007,0,TOURING,5470
YAMAHA,Niken,6660,A,2018,0,TRES RUEDAS,12470
KAWASAKI,ER 5,62300,A / A2,2006,0,NAKED,2270
YAMAHA,X MAX 125 Iron Max,11200,A1,2017,0,SCOOTER,3570
KYMCO,AK 550,22400,A / A2,2017,0,MAXI-SCOOTER,6170
HONDA,Crossrunner VFR800X,9500,A,2019,0,TRAIL,10970
BENELLI,TRK 502,60400,A2,2018,0,TRAIL,3970
KAWASAKI,ZZR 1400,66000,A,2009,0,SPORT,5970
KAWASAKI,ZX 6R,13900,A,2010,0,SPORT,6370
BMW,F 650,25000,A / A2,2000,0,TRAIL,2970
BMW,C 600 Sport,23300,A2,2015,0,MAXI-SCOOTER,5570
APRILIA,Tuono 1000 R,49600,A,2007,0,NAKED,3870
HARLEY DAVIDSON,VRSC V-Rod,44700,A,2006,0,CUSTOM,8770
HARLEY DAVIDSON,Sportster Forty-Eight,51800,A,2014,0,CUSTOM,9970
BMW,S 1000 R,12800,A,2019,0,NAKED,12970
SYM,HD 300,12500,A2,2019,0,MAXI-SCOOTER,2770
HONDA,FORZA 250 X,56000,A2,2006,0,MAXI-SCOOTER,1170
YAMAHA,YZF-R3,11225,A2,2019,0,SPORT,5570
DUCATI,Scrambler Classic,12000,A,2017,0,NAKED,8270
SUZUKI,VL 800 Intruder Volusia,40510,A,2002,0,CUSTOM,4970
BMW,F 800 GT,12836,A,2013,0,TOURING,6470
HARLEY DAVIDSON,Sportster 883 Iron,16000,A,2014,0,CUSTOM,9270
PIAGGIO,beverly 300 ie,21000,A2,2011,0,MAXI-SCOOTER,2270
KYMCO,People 50 S,12000,AM,2017,0,SCOOTER,1470
HONDA,Passion 125 I.E.,39000,A1,2008,0,SCOOTER,1270
BMW,K 1300 S,53000,A,2010,0,TOURING,8470
BMW,G 310 GS,21000,A2,2018,0,TRAIL,3770
DUCATI,MULTISTRADA 1200 S Sport promo,33600,A,2010,0,TRAIL,6170
PIAGGIO,Beverly 400 HPE,4500,A2,2021,0,MAXI-SCOOTER,6170
BMW,S 1000 RR,13100,A,2018,0,SPORT,17470
KYMCO,Grand Dink 125 promo,22000,A1,2017,0,SCOOTER,2490
